{"Version":1,"ManifestType":"Publish","Endpoints":[{"Route":"uploads/14849004-4cc8-45dd-a5d0-d442f77e7772.5d8v1ld6z8.jpg","AssetFile":"uploads/14849004-4cc8-45dd-a5d0-d442f77e7772.jpg","Selectors":[],"ResponseHeaders":[{"Name":"Accept-Ranges","Value":"bytes"},{"Name":"Cache-Control","Value":"max-age=31536000, immutable"},{"Name":"Content-Length","Value":"11615"},{"Name":"Content-Type","Value":"image/jpeg"},{"Name":"ETag","Value":"\"515kYQvMm3DGXlILfuHWcsSUbpo7UqeyNJgNq4xC2qg=\""},{"Name":"Last-Modified","Value":"Tue, 14 Oct 2025 15:48:10 GMT"}],"EndpointProperties":[{"Name":"fingerprint","Value":"5d8v1ld6z8"},{"Name":"integrity","Value":"sha256-515kYQvMm3DGXlILfuHWcsSUbpo7UqeyNJgNq4xC2qg="},{"Name":"label","Value":"uploads/14849004-4cc8-45dd-a5d0-d442f77e7772.jpg"}]},{"Route":"uploads/14849004-4cc8-45dd-a5d0-d442f77e7772.jpg","AssetFile":"uploads/14849004-4cc8-45dd-a5d0-d442f77e7772.jpg","Selectors":[],"ResponseHeaders":[{"Name":"Accept-Ranges","Value":"bytes"},{"Name":"Cache-Control","Value":"no-cache"},{"Name":"Content-Length","Value":"11615"},{"Name":"Content-Type","Value":"image/jpeg"},{"Name":"ETag","Value":"\"515kYQvMm3DGXlILfuHWcsSUbpo7UqeyNJgNq4xC2qg=\""},{"Name":"Last-Modified","Value":"Tue, 14 Oct 2025 15:48:10 GMT"}],"EndpointProperties":[{"Name":"integrity","Value":"sha256-515kYQvMm3DGXlILfuHWcsSUbpo7UqeyNJgNq4xC2qg="}]},{"Route":"uploads/320db2ec-f5f7-4e96-8c91-9ee540936bb4.4mnwzw0ome.jpg","AssetFile":"uploads/320db2ec-f5f7-4e96-8c91-9ee540936bb4.jpg","Selectors":[],"ResponseHeaders":[{"Name":"Accept-Ranges","Value":"bytes"},{"Name":"Cache-Control","Value":"max-age=31536000, immutable"},{"Name":"Content-Length","Value":"1370391"},{"Name":"Content-Type","Value":"image/jpeg"},{"Name":"ETag","Value":"\"dD0/iIumcXKFCMbwil0QTY/WL0mdCJoq4LfnPNouARc=\""},{"Name":"Last-Modified","Value":"Mon, 13 Oct 2025 18:47:07 GMT"}],"EndpointProperties":[{"Name":"fingerprint","Value":"4mnwzw0ome"},{"Name":"integrity","Value":"sha256-dD0/iIumcXKFCMbwil0QTY/WL0mdCJoq4LfnPNouARc="},{"Name":"label","Value":"uploads/320db2ec-f5f7-4e96-8c91-9ee540936bb4.jpg"}]},{"Route":"uploads/320db2ec-f5f7-4e96-8c91-9ee540936bb4.jpg","AssetFile":"uploads/320db2ec-f5f7-4e96-8c91-9ee540936bb4.jpg","Selectors":[],"ResponseHeaders":[{"Name":"Accept-Ranges","Value":"bytes"},{"Name":"Cache-Control","Value":"no-cache"},{"Name":"Content-Length","Value":"1370391"},{"Name":"Content-Type","Value":"image/jpeg"},{"Name":"ETag","Value":"\"dD0/iIumcXKFCMbwil0QTY/WL0mdCJoq4LfnPNouARc=\""},{"Name":"Last-Modified","Value":"Mon, 13 Oct 2025 18:47:07 GMT"}],"EndpointProperties":[{"Name":"integrity","Value":"sha256-dD0/iIumcXKFCMbwil0QTY/WL0mdCJoq4LfnPNouARc="}]},{"Route":"uploads/397011e2-a2e8-48c2-84c2-8e54a8a0f2bf.o33xhaviby.png","AssetFile":"uploads/397011e2-a2e8-48c2-84c2-8e54a8a0f2bf.png","Selectors":[],"ResponseHeaders":[{"Name":"Accept-Ranges","Value":"bytes"},{"Name":"Cache-Control","Value":"max-age=31536000, immutable"},{"Name":"Content-Length","Value":"17984"},{"Name":"Content-Type","Value":"image/png"},{"Name":"ETag","Value":"\"9BY85gNxWg0Cmwf5RtwmTtyUBsko7PilxqL5m0ktT/o=\""},{"Name":"Last-Modified","Value":"Mon, 13 Oct 2025 18:47:07 GMT"}],"EndpointProperties":[{"Name":"fingerprint","Value":"o33xhaviby"},{"Name":"integrity","Value":"sha256-9BY85gNxWg0Cmwf5RtwmTtyUBsko7PilxqL5m0ktT/o="},{"Name":"label","Value":"uploads/397011e2-a2e8-48c2-84c2-8e54a8a0f2bf.png"}]},{"Route":"uploads/397011e2-a2e8-48c2-84c2-8e54a8a0f2bf.png","AssetFile":"uploads/397011e2-a2e8-48c2-84c2-8e54a8a0f2bf.png","Selectors":[],"ResponseHeaders":[{"Name":"Accept-Ranges","Value":"bytes"},{"Name":"Cache-Control","Value":"no-cache"},{"Name":"Content-Length","Value":"17984"},{"Name":"Content-Type","Value":"image/png"},{"Name":"ETag","Value":"\"9BY85gNxWg0Cmwf5RtwmTtyUBsko7PilxqL5m0ktT/o=\""},{"Name":"Last-Modified","Value":"Mon, 13 Oct 2025 18:47:07 GMT"}],"EndpointProperties":[{"Name":"integrity","Value":"sha256-9BY85gNxWg0Cmwf5RtwmTtyUBsko7PilxqL5m0ktT/o="}]},{"Route":"uploads/454203e5-c233-46a1-ac64-567a141e9b1e.fh2wqe6egf.jpg","AssetFile":"uploads/454203e5-c233-46a1-ac64-567a141e9b1e.jpg","Selectors":[],"ResponseHeaders":[{"Name":"Accept-Ranges","Value":"bytes"},{"Name":"Cache-Control","Value":"max-age=31536000, immutable"},{"Name":"Content-Length","Value":"579877"},{"Name":"Content-Type","Value":"image/jpeg"},{"Name":"ETag","Value":"\"bfnLMSRCm8PBR/3uxblQOxdr4qgsxTWXQDMX1GUZ2G4=\""},{"Name":"Last-Modified","Value":"Mon, 13 Oct 2025 18:47:07 GMT"}],"EndpointProperties":[{"Name":"fingerprint","Value":"fh2wqe6egf"},{"Name":"integrity","Value":"sha256-bfnLMSRCm8PBR/3uxblQOxdr4qgsxTWXQDMX1GUZ2G4="},{"Name":"label","Value":"uploads/454203e5-c233-46a1-ac64-567a141e9b1e.jpg"}]},{"Route":"uploads/454203e5-c233-46a1-ac64-567a141e9b1e.jpg","AssetFile":"uploads/454203e5-c233-46a1-ac64-567a141e9b1e.jpg","Selectors":[],"ResponseHeaders":[{"Name":"Accept-Ranges","Value":"bytes"},{"Name":"Cache-Control","Value":"no-cache"},{"Name":"Content-Length","Value":"579877"},{"Name":"Content-Type","Value":"image/jpeg"},{"Name":"ETag","Value":"\"bfnLMSRCm8PBR/3uxblQOxdr4qgsxTWXQDMX1GUZ2G4=\""},{"Name":"Last-Modified","Value":"Mon, 13 Oct 2025 18:47:07 GMT"}],"EndpointProperties":[{"Name":"integrity","Value":"sha256-bfnLMSRCm8PBR/3uxblQOxdr4qgsxTWXQDMX1GUZ2G4="}]},{"Route":"uploads/ae3ba93e-96b2-419f-b6e7-cc52b6e967d6.jpg","AssetFile":"uploads/ae3ba93e-96b2-419f-b6e7-cc52b6e967d6.jpg","Selectors":[],"ResponseHeaders":[{"Name":"Accept-Ranges","Value":"bytes"},{"Name":"Cache-Control","Value":"no-cache"},{"Name":"Content-Length","Value":"42006"},{"Name":"Content-Type","Value":"image/jpeg"},{"Name":"ETag","Value":"\"THi388f/EKq895QgWSEi4kqpMegzLBcEA6vIE+CXy2E=\""},{"Name":"Last-Modified","Value":"Mon, 13 Oct 2025 18:47:07 GMT"}],"EndpointProperties":[{"Name":"integrity","Value":"sha256-THi388f/EKq895QgWSEi4kqpMegzLBcEA6vIE+CXy2E="}]},{"Route":"uploads/ae3ba93e-96b2-419f-b6e7-cc52b6e967d6.ojj3u9afhq.jpg","AssetFile":"uploads/ae3ba93e-96b2-419f-b6e7-cc52b6e967d6.jpg","Selectors":[],"ResponseHeaders":[{"Name":"Accept-Ranges","Value":"bytes"},{"Name":"Cache-Control","Value":"max-age=31536000, immutable"},{"Name":"Content-Length","Value":"42006"},{"Name":"Content-Type","Value":"image/jpeg"},{"Name":"ETag","Value":"\"THi388f/EKq895QgWSEi4kqpMegzLBcEA6vIE+CXy2E=\""},{"Name":"Last-Modified","Value":"Mon, 13 Oct 2025 18:47:07 GMT"}],"EndpointProperties":[{"Name":"fingerprint","Value":"ojj3u9afhq"},{"Name":"integrity","Value":"sha256-THi388f/EKq895QgWSEi4kqpMegzLBcEA6vIE+CXy2E="},{"Name":"label","Value":"uploads/ae3ba93e-96b2-419f-b6e7-cc52b6e967d6.jpg"}]},{"Route":"uploads/c203340c-c5aa-4c75-ac31-ed1e5d20ab5f.4mnwzw0ome.jpg","AssetFile":"uploads/c203340c-c5aa-4c75-ac31-ed1e5d20ab5f.jpg","Selectors":[],"ResponseHeaders":[{"Name":"Accept-Ranges","Value":"bytes"},{"Name":"Cache-Control","Value":"max-age=31536000, immutable"},{"Name":"Content-Length","Value":"1370391"},{"Name":"Content-Type","Value":"image/jpeg"},{"Name":"ETag","Value":"\"dD0/iIumcXKFCMbwil0QTY/WL0mdCJoq4LfnPNouARc=\""},{"Name":"Last-Modified","Value":"Mon, 13 Oct 2025 18:47:07 GMT"}],"EndpointProperties":[{"Name":"fingerprint","Value":"4mnwzw0ome"},{"Name":"integrity","Value":"sha256-dD0/iIumcXKFCMbwil0QTY/WL0mdCJoq4LfnPNouARc="},{"Name":"label","Value":"uploads/c203340c-c5aa-4c75-ac31-ed1e5d20ab5f.jpg"}]},{"Route":"uploads/c203340c-c5aa-4c75-ac31-ed1e5d20ab5f.jpg","AssetFile":"uploads/c203340c-c5aa-4c75-ac31-ed1e5d20ab5f.jpg","Selectors":[],"ResponseHeaders":[{"Name":"Accept-Ranges","Value":"bytes"},{"Name":"Cache-Control","Value":"no-cache"},{"Name":"Content-Length","Value":"1370391"},{"Name":"Content-Type","Value":"image/jpeg"},{"Name":"ETag","Value":"\"dD0/iIumcXKFCMbwil0QTY/WL0mdCJoq4LfnPNouARc=\""},{"Name":"Last-Modified","Value":"Mon, 13 Oct 2025 18:47:07 GMT"}],"EndpointProperties":[{"Name":"integrity","Value":"sha256-dD0/iIumcXKFCMbwil0QTY/WL0mdCJoq4LfnPNouARc="}]},{"Route":"uploads/dc987426-799a-4817-9249-1b36d79115e4.bnnsl8zk9u.jpg","AssetFile":"uploads/dc987426-799a-4817-9249-1b36d79115e4.jpg","Selectors":[],"ResponseHeaders":[{"Name":"Accept-Ranges","Value":"bytes"},{"Name":"Cache-Control","Value":"max-age=31536000, immutable"},{"Name":"Content-Length","Value":"63959"},{"Name":"Content-Type","Value":"image/jpeg"},{"Name":"ETag","Value":"\"SRTfrv5Wv7z+QYdmq6UNVUE9Z3UcAG3flPh1gquIHU0=\""},{"Name":"Last-Modified","Value":"Mon, 13 Oct 2025 18:47:07 GMT"}],"EndpointProperties":[{"Name":"fingerprint","Value":"bnnsl8zk9u"},{"Name":"integrity","Value":"sha256-SRTfrv5Wv7z+QYdmq6UNVUE9Z3UcAG3flPh1gquIHU0="},{"Name":"label","Value":"uploads/dc987426-799a-4817-9249-1b36d79115e4.jpg"}]},{"Route":"uploads/dc987426-799a-4817-9249-1b36d79115e4.jpg","AssetFile":"uploads/dc987426-799a-4817-9249-1b36d79115e4.jpg","Selectors":[],"ResponseHeaders":[{"Name":"Accept-Ranges","Value":"bytes"},{"Name":"Cache-Control","Value":"no-cache"},{"Name":"Content-Length","Value":"63959"},{"Name":"Content-Type","Value":"image/jpeg"},{"Name":"ETag","Value":"\"SRTfrv5Wv7z+QYdmq6UNVUE9Z3UcAG3flPh1gquIHU0=\""},{"Name":"Last-Modified","Value":"Mon, 13 Oct 2025 18:47:07 GMT"}],"EndpointProperties":[{"Name":"integrity","Value":"sha256-SRTfrv5Wv7z+QYdmq6UNVUE9Z3UcAG3flPh1gquIHU0="}]},{"Route":"uploads/ede877bb-078b-4fc4-b59c-773db1460031.jpg","AssetFile":"uploads/ede877bb-078b-4fc4-b59c-773db1460031.jpg","Selectors":[],"ResponseHeaders":[{"Name":"Accept-Ranges","Value":"bytes"},{"Name":"Cache-Control","Value":"no-cache"},{"Name":"Content-Length","Value":"51700"},{"Name":"Content-Type","Value":"image/jpeg"},{"Name":"ETag","Value":"\"E4HV2IVPNtDMe/DOG6Y/j7lvPsjjwezKuAyTdDSxRw0=\""},{"Name":"Last-Modified","Value":"Mon, 13 Oct 2025 18:47:07 GMT"}],"EndpointProperties":[{"Name":"integrity","Value":"sha256-E4HV2IVPNtDMe/DOG6Y/j7lvPsjjwezKuAyTdDSxRw0="}]},{"Route":"uploads/ede877bb-078b-4fc4-b59c-773db1460031.la70mxidbp.jpg","AssetFile":"uploads/ede877bb-078b-4fc4-b59c-773db1460031.jpg","Selectors":[],"ResponseHeaders":[{"Name":"Accept-Ranges","Value":"bytes"},{"Name":"Cache-Control","Value":"max-age=31536000, immutable"},{"Name":"Content-Length","Value":"51700"},{"Name":"Content-Type","Value":"image/jpeg"},{"Name":"ETag","Value":"\"E4HV2IVPNtDMe/DOG6Y/j7lvPsjjwezKuAyTdDSxRw0=\""},{"Name":"Last-Modified","Value":"Mon, 13 Oct 2025 18:47:07 GMT"}],"EndpointProperties":[{"Name":"fingerprint","Value":"la70mxidbp"},{"Name":"integrity","Value":"sha256-E4HV2IVPNtDMe/DOG6Y/j7lvPsjjwezKuAyTdDSxRw0="},{"Name":"label","Value":"uploads/ede877bb-078b-4fc4-b59c-773db1460031.jpg"}]}]}